Newspaper,Decade,Year,Month,Day,Filename,Faces,Face Detected,Pages
GDL,1790,1798,02,05,p0001.jpg,0,0,1
GDL,1790,1798,02,05,p0002.jpg,0,0,1
GDL,1790,1798,02,05,p0003.jpg,0,0,1
GDL,1790,1798,02,05,p0004.jpg,0,0,1
GDL,1790,1798,05,29,p0001.jpg,0,0,1
GDL,1790,1798,05,29,p0002.jpg,1,1,1
GDL,1790,1798,05,29,p0003.jpg,0,0,1
GDL,1790,1798,05,29,p0004.jpg,0,0,1
GDL,1790,1798,05,29,p0005.jpg,0,0,1
GDL,1790,1798,05,29,p0006.jpg,0,0,1
GDL,1790,1798,05,29,p0007.jpg,0,0,1
GDL,1790,1798,05,29,p0008.jpg,0,0,1
GDL,1790,1798,12,16,p0001.jpg,0,0,1
GDL,1790,1798,12,16,p0002.jpg,0,0,1
GDL,1790,1798,12,16,p0003.jpg,0,0,1
GDL,1790,1798,12,16,p0004.jpg,0,0,1
GDL,1790,1798,12,16,p0005.jpg,0,0,1
GDL,1790,1798,12,16,p0006.jpg,0,0,1
GDL,1790,1798,12,16,p0007.jpg,1,1,1
GDL,1790,1798,12,16,p0008.jpg,1,1,1
GDL,1800,1807,06,23,p0001.jpg,0,0,1
GDL,1800,1807,06,23,p0002.jpg,0,0,1
GDL,1800,1807,06,23,p0003.jpg,0,0,1
GDL,1800,1807,06,23,p0004.jpg,0,0,1
GDL,1800,1807,06,23,p0005.jpg,0,0,1
GDL,1800,1807,06,23,p0006.jpg,1,1,1
GDL,1800,1807,06,23,p0007.jpg,1,1,1
GDL,1800,1807,06,23,p0008.jpg,0,0,1
GDL,1800,1807,06,23,p0009.jpg,0,0,1
GDL,1800,1807,06,23,p0010.jpg,0,0,1
GDL,1800,1807,06,23,p0011.jpg,0,0,1
GDL,1800,1807,06,23,p0012.jpg,0,0,1
GDL,1800,1807,06,30,p0001.jpg,0,0,1
GDL,1800,1807,06,30,p0002.jpg,1,1,1
GDL,1800,1807,06,30,p0003.jpg,0,0,1
GDL,1800,1807,06,30,p0004.jpg,2,1,1
GDL,1800,1807,06,30,p0005.jpg,0,0,1
GDL,1800,1807,06,30,p0006.jpg,0,0,1
GDL,1800,1807,06,30,p0007.jpg,0,0,1
GDL,1800,1807,06,30,p0008.jpg,0,0,1
GDL,1800,1807,06,30,p0009.jpg,0,0,1
GDL,1800,1807,06,30,p0010.jpg,0,0,1
GDL,1800,1807,06,30,p0011.jpg,1,1,1
GDL,1800,1807,06,30,p0012.jpg,0,0,1
GDL,1800,1807,11,20,p0001.jpg,1,1,1
GDL,1800,1807,11,20,p0002.jpg,0,0,1
GDL,1800,1807,11,20,p0003.jpg,1,1,1
GDL,1800,1807,11,20,p0004.jpg,0,0,1
GDL,1800,1807,11,20,p0005.jpg,0,0,1
GDL,1800,1807,11,20,p0006.jpg,1,1,1
GDL,1800,1807,11,20,p0007.jpg,1,1,1
GDL,1800,1807,11,20,p0008.jpg,0,0,1
GDL,1800,1807,11,20,p0009.jpg,0,0,1
GDL,1800,1807,11,20,p0010.jpg,0,0,1
GDL,1800,1807,11,20,p0011.jpg,0,0,1
GDL,1800,1807,11,20,p0012.jpg,0,0,1
GDL,1810,1812,04,21,p0001.jpg,0,0,1
GDL,1810,1812,04,21,p0002.jpg,0,0,1
GDL,1810,1812,04,21,p0003.jpg,0,0,1
GDL,1810,1812,04,21,p0004.jpg,0,0,1
GDL,1810,1812,10,05,p0001.jpg,0,0,1
GDL,1810,1812,10,05,p0002.jpg,0,0,1
GDL,1810,1812,10,05,p0003.jpg,0,0,1
GDL,1810,1812,10,05,p0004.jpg,0,0,1
GDL,1810,1812,10,05,p0005.jpg,1,1,1
GDL,1810,1812,10,05,p0006.jpg,0,0,1
GDL,1810,1812,12,15,p0001.jpg,0,0,1
GDL,1810,1812,12,15,p0002.jpg,1,1,1
GDL,1810,1812,12,15,p0003.jpg,0,0,1
GDL,1810,1812,12,15,p0004.jpg,0,0,1
GDL,1810,1817,07,22,p0001.jpg,0,0,1
GDL,1810,1817,07,22,p0002.jpg,0,0,1
GDL,1810,1817,07,22,p0003.jpg,0,0,1
GDL,1810,1817,07,22,p0004.jpg,0,0,1
GDL,1810,1817,08,19,p0001.jpg,0,0,1
GDL,1810,1817,08,19,p0002.jpg,0,0,1
GDL,1810,1817,08,19,p0003.jpg,0,0,1
GDL,1810,1817,08,19,p0004.jpg,0,0,1
GDL,1810,1817,11,11,p0001.jpg,0,0,1
GDL,1810,1817,11,11,p0002.jpg,0,0,1
GDL,1810,1817,11,11,p0003.jpg,0,0,1
GDL,1810,1817,11,11,p0004.jpg,0,0,1
GDL,1820,1822,07,26,p0001.jpg,0,0,1
GDL,1820,1822,07,26,p0002.jpg,0,0,1
GDL,1820,1822,07,26,p0003.jpg,0,0,1
GDL,1820,1822,07,26,p0004.jpg,0,0,1
GDL,1820,1822,09,27,p0001.jpg,0,0,1
GDL,1820,1822,09,27,p0002.jpg,0,0,1
GDL,1820,1822,09,27,p0003.jpg,0,0,1
GDL,1820,1822,09,27,p0004.jpg,0,0,1
GDL,1820,1822,11,19,p0001.jpg,0,0,1
GDL,1820,1822,11,19,p0002.jpg,0,0,1
GDL,1820,1822,11,19,p0003.jpg,0,0,1
GDL,1820,1822,11,19,p0004.jpg,0,0,1
GDL,1820,1822,11,19,p0005.jpg,0,0,1
GDL,1820,1822,11,19,p0006.jpg,0,0,1
GDL,1820,1827,01,23,p0001.jpg,0,0,1
GDL,1820,1827,01,23,p0002.jpg,0,0,1
GDL,1820,1827,01,23,p0003.jpg,0,0,1
GDL,1820,1827,01,23,p0004.jpg,1,1,1
GDL,1820,1827,01,23,p0005.jpg,0,0,1
GDL,1820,1827,01,23,p0006.jpg,0,0,1
GDL,1820,1827,06,01,p0001.jpg,0,0,1
GDL,1820,1827,06,01,p0002.jpg,0,0,1
GDL,1820,1827,06,01,p0003.jpg,0,0,1
GDL,1820,1827,06,01,p0004.jpg,0,0,1
GDL,1820,1827,07,24,p0001.jpg,0,0,1
GDL,1820,1827,07,24,p0002.jpg,0,0,1
GDL,1820,1827,07,24,p0003.jpg,0,0,1
GDL,1820,1827,07,24,p0004.jpg,0,0,1
GDL,1820,1827,07,24,p0005.jpg,0,0,1
GDL,1820,1827,07,24,p0006.jpg,0,0,1
GDL,1820,1827,07,24,p0007.jpg,0,0,1
GDL,1820,1827,07,24,p0008.jpg,0,0,1
GDL,1830,1832,06,19,p0001.jpg,0,0,1
GDL,1830,1832,06,19,p0002.jpg,0,0,1
GDL,1830,1832,06,19,p0003.jpg,0,0,1
GDL,1830,1832,06,19,p0004.jpg,0,0,1
GDL,1830,1832,06,19,p0005.jpg,0,0,1
GDL,1830,1832,06,19,p0006.jpg,0,0,1
GDL,1830,1832,08,17,p0001.jpg,0,0,1
GDL,1830,1832,08,17,p0002.jpg,0,0,1
GDL,1830,1832,08,17,p0003.jpg,1,1,1
GDL,1830,1832,08,17,p0004.jpg,0,0,1
GDL,1830,1832,08,17,p0005.jpg,0,0,1
GDL,1830,1832,08,17,p0006.jpg,0,0,1
GDL,1830,1832,08,17,p0007.jpg,0,0,1
GDL,1830,1832,08,17,p0008.jpg,0,0,1
GDL,1830,1832,08,17,p0009.jpg,0,0,1
GDL,1830,1832,08,17,p0010.jpg,0,0,1
GDL,1830,1832,08,17,p0011.jpg,0,0,1
GDL,1830,1832,08,17,p0012.jpg,0,0,1
GDL,1830,1832,10,16,p0001.jpg,0,0,1
GDL,1830,1832,10,16,p0002.jpg,0,0,1
GDL,1830,1832,10,16,p0003.jpg,0,0,1
GDL,1830,1832,10,16,p0004.jpg,0,0,1
GDL,1830,1832,10,16,p0005.jpg,0,0,1
GDL,1830,1832,10,16,p0006.jpg,0,0,1
GDL,1830,1837,04,28,p0001.jpg,0,0,1
GDL,1830,1837,04,28,p0002.jpg,0,0,1
GDL,1830,1837,04,28,p0003.jpg,0,0,1
GDL,1830,1837,04,28,p0004.jpg,0,0,1
GDL,1830,1837,05,26,p0001.jpg,0,0,1
GDL,1830,1837,05,26,p0002.jpg,0,0,1
GDL,1830,1837,05,26,p0003.jpg,0,0,1
GDL,1830,1837,05,26,p0004.jpg,0,0,1
GDL,1830,1837,08,04,p0001.jpg,0,0,1
GDL,1830,1837,08,04,p0002.jpg,0,0,1
GDL,1830,1837,08,04,p0003.jpg,1,1,1
GDL,1830,1837,08,04,p0004.jpg,0,0,1
GDL,1840,1842,03,18,p0001.jpg,0,0,1
GDL,1840,1842,03,18,p0002.jpg,0,0,1
GDL,1840,1842,03,18,p0003.jpg,0,0,1
GDL,1840,1842,03,18,p0004.jpg,0,0,1
GDL,1840,1842,03,18,p0005.jpg,0,0,1
GDL,1840,1842,03,18,p0006.jpg,0,0,1
GDL,1840,1842,10,04,p0001.jpg,0,0,1
GDL,1840,1842,10,04,p0002.jpg,0,0,1
GDL,1840,1842,10,04,p0003.jpg,0,0,1
GDL,1840,1842,10,04,p0004.jpg,0,0,1
GDL,1840,1842,12,13,p0001.jpg,0,0,1
GDL,1840,1842,12,13,p0002.jpg,0,0,1
GDL,1840,1842,12,13,p0003.jpg,0,0,1
GDL,1840,1842,12,13,p0004.jpg,0,0,1
GDL,1840,1847,01,22,p0001.jpg,0,0,1
GDL,1840,1847,01,22,p0002.jpg,0,0,1
GDL,1840,1847,01,22,p0003.jpg,0,0,1
GDL,1840,1847,01,22,p0004.jpg,0,0,1
GDL,1840,1847,06,22,p0001.jpg,0,0,1
GDL,1840,1847,06,22,p0002.jpg,0,0,1
GDL,1840,1847,06,22,p0003.jpg,0,0,1
GDL,1840,1847,06,22,p0004.jpg,0,0,1
GDL,1840,1847,11,29,p0001.jpg,0,0,1
GDL,1840,1847,11,29,p0002.jpg,0,0,1
GDL,1850,1852,01,10,p0001.jpg,0,0,1
GDL,1850,1852,01,10,p0002.jpg,1,1,1
GDL,1850,1852,01,10,p0003.jpg,0,0,1
GDL,1850,1852,01,10,p0004.jpg,0,0,1
GDL,1850,1852,08,10,p0001.jpg,0,0,1
GDL,1850,1852,08,10,p0002.jpg,1,1,1
GDL,1850,1852,08,10,p0003.jpg,0,0,1
GDL,1850,1852,08,10,p0004.jpg,0,0,1
GDL,1850,1852,11,18,p0001.jpg,0,0,1
GDL,1850,1852,11,18,p0002.jpg,0,0,1
GDL,1850,1852,11,18,p0003.jpg,0,0,1
GDL,1850,1852,11,18,p0004.jpg,0,0,1
GDL,1850,1857,03,25,p0001.jpg,0,0,1
GDL,1850,1857,03,25,p0002.jpg,0,0,1
GDL,1850,1857,03,25,p0003.jpg,0,0,1
GDL,1850,1857,03,25,p0004.jpg,0,0,1
GDL,1850,1857,06,09,p0001.jpg,0,0,1
GDL,1850,1857,06,09,p0002.jpg,0,0,1
GDL,1850,1857,06,09,p0003.jpg,0,0,1
GDL,1850,1857,06,09,p0004.jpg,0,0,1
GDL,1850,1857,10,24,p0001.jpg,0,0,1
GDL,1850,1857,10,24,p0002.jpg,0,0,1
GDL,1850,1857,10,24,p0003.jpg,0,0,1
GDL,1850,1857,10,24,p0004.jpg,0,0,1
GDL,1860,1862,03,13,p0001.jpg,0,0,1
GDL,1860,1862,03,13,p0002.jpg,0,0,1
GDL,1860,1862,03,13,p0003.jpg,1,1,1
GDL,1860,1862,03,13,p0004.jpg,0,0,1
GDL,1860,1862,10,14,p0001.jpg,0,0,1
GDL,1860,1862,10,14,p0002.jpg,0,0,1
GDL,1860,1862,10,14,p0003.jpg,0,0,1
GDL,1860,1862,10,14,p0004.jpg,0,0,1
GDL,1860,1862,11,18,p0001.jpg,0,0,1
GDL,1860,1862,11,18,p0002.jpg,0,0,1
GDL,1860,1862,11,18,p0003.jpg,0,0,1
GDL,1860,1862,11,18,p0004.jpg,0,0,1
GDL,1860,1867,07,24,p0001.jpg,0,0,1
GDL,1860,1867,07,24,p0002.jpg,0,0,1
GDL,1860,1867,07,24,p0003.jpg,0,0,1
GDL,1860,1867,07,24,p0004.jpg,0,0,1
GDL,1860,1867,09,16,p0001.jpg,0,0,1
GDL,1860,1867,09,16,p0002.jpg,0,0,1
GDL,1860,1867,09,16,p0003.jpg,0,0,1
GDL,1860,1867,09,16,p0004.jpg,0,0,1
GDL,1860,1867,09,26,p0001.jpg,0,0,1
GDL,1860,1867,09,26,p0002.jpg,0,0,1
GDL,1860,1867,09,26,p0003.jpg,0,0,1
GDL,1860,1867,09,26,p0004.jpg,0,0,1
GDL,1870,1872,05,14,p0001.jpg,0,0,1
GDL,1870,1872,05,14,p0002.jpg,0,0,1
GDL,1870,1872,05,14,p0003.jpg,0,0,1
GDL,1870,1872,05,14,p0004.jpg,0,0,1
GDL,1870,1872,07,16,p0001.jpg,0,0,1
GDL,1870,1872,07,16,p0002.jpg,0,0,1
GDL,1870,1872,07,16,p0003.jpg,0,0,1
GDL,1870,1872,07,16,p0004.jpg,0,0,1
GDL,1870,1872,09,20,p0001.jpg,0,0,1
GDL,1870,1872,09,20,p0002.jpg,0,0,1
GDL,1870,1872,09,20,p0003.jpg,0,0,1
GDL,1870,1872,09,20,p0004.jpg,0,0,1
GDL,1870,1877,04,18,p0001.jpg,0,0,1
GDL,1870,1877,04,18,p0002.jpg,0,0,1
GDL,1870,1877,04,18,p0003.jpg,0,0,1
GDL,1870,1877,04,18,p0004.jpg,0,0,1
GDL,1870,1877,07,17,p0001.jpg,0,0,1
GDL,1870,1877,07,17,p0002.jpg,0,0,1
GDL,1870,1877,07,17,p0003.jpg,1,1,1
GDL,1870,1877,07,17,p0004.jpg,0,0,1
GDL,1870,1877,12,12,p0001.jpg,0,0,1
GDL,1870,1877,12,12,p0002.jpg,0,0,1
GDL,1870,1877,12,12,p0003.jpg,0,0,1
GDL,1870,1877,12,12,p0004.jpg,0,0,1
GDL,1880,1882,05,30,p0001.jpg,0,0,1
GDL,1880,1882,05,30,p0002.jpg,0,0,1
GDL,1880,1882,05,30,p0003.jpg,0,0,1
GDL,1880,1882,05,30,p0004.jpg,0,0,1
GDL,1880,1882,06,16,p0001.jpg,0,0,1
GDL,1880,1882,06,16,p0002.jpg,0,0,1
GDL,1880,1882,06,16,p0003.jpg,0,0,1
GDL,1880,1882,06,16,p0004.jpg,0,0,1
GDL,1880,1882,06,28,p0001.jpg,0,0,1
GDL,1880,1882,06,28,p0002.jpg,0,0,1
GDL,1880,1882,06,28,p0003.jpg,0,0,1
GDL,1880,1882,06,28,p0004.jpg,0,0,1
GDL,1880,1887,03,10,p0001.jpg,0,0,1
GDL,1880,1887,03,10,p0002.jpg,0,0,1
GDL,1880,1887,03,10,p0003.jpg,0,0,1
GDL,1880,1887,03,10,p0004.jpg,0,0,1
GDL,1880,1887,04,19,p0001.jpg,0,0,1
GDL,1880,1887,04,19,p0002.jpg,1,1,1
GDL,1880,1887,04,19,p0003.jpg,0,0,1
GDL,1880,1887,04,19,p0004.jpg,0,0,1
GDL,1880,1887,08,01,p0001.jpg,0,0,1
GDL,1880,1887,08,01,p0002.jpg,0,0,1
GDL,1880,1887,08,01,p0003.jpg,0,0,1
GDL,1880,1887,08,01,p0004.jpg,0,0,1
GDL,1890,1892,05,09,p0001.jpg,0,0,1
GDL,1890,1892,05,09,p0002.jpg,0,0,1
GDL,1890,1892,05,09,p0003.jpg,0,0,1
GDL,1890,1892,05,09,p0004.jpg,0,0,1
GDL,1890,1892,07,12,p0001.jpg,0,0,1
GDL,1890,1892,07,12,p0002.jpg,0,0,1
GDL,1890,1892,07,12,p0003.jpg,0,0,1
GDL,1890,1892,07,12,p0004.jpg,1,1,1
GDL,1890,1892,10,31,p0001.jpg,0,0,1
GDL,1890,1892,10,31,p0002.jpg,0,0,1
GDL,1890,1892,10,31,p0003.jpg,0,0,1
GDL,1890,1892,10,31,p0004.jpg,0,0,1
GDL,1890,1897,02,12,p0001.jpg,0,0,1
GDL,1890,1897,02,12,p0002.jpg,0,0,1
GDL,1890,1897,02,12,p0003.jpg,0,0,1
GDL,1890,1897,02,12,p0004.jpg,0,0,1
GDL,1890,1897,03,26,p0001.jpg,0,0,1
GDL,1890,1897,03,26,p0002.jpg,0,0,1
GDL,1890,1897,03,26,p0003.jpg,0,0,1
GDL,1890,1897,03,26,p0004.jpg,0,0,1
GDL,1890,1897,03,26,p0005.jpg,0,0,1
GDL,1890,1897,03,26,p0006.jpg,0,0,1
GDL,1890,1897,05,31,p0001.jpg,0,0,1
GDL,1890,1897,05,31,p0002.jpg,0,0,1
GDL,1890,1897,05,31,p0003.jpg,0,0,1
GDL,1890,1897,05,31,p0004.jpg,0,0,1
GDL,1900,1902,01,03,p0001.jpg,0,0,1
GDL,1900,1902,01,03,p0002.jpg,0,0,1
GDL,1900,1902,01,03,p0003.jpg,0,0,1
GDL,1900,1902,01,03,p0004.jpg,0,0,1
GDL,1900,1902,10,29,p0001.jpg,0,0,1
GDL,1900,1902,10,29,p0002.jpg,0,0,1
GDL,1900,1902,10,29,p0003.jpg,0,0,1
GDL,1900,1902,10,29,p0004.jpg,0,0,1
GDL,1900,1902,10,29,p0005.jpg,0,0,1
GDL,1900,1902,10,29,p0006.jpg,0,0,1
GDL,1900,1902,10,29,p0007.jpg,0,0,1
GDL,1900,1902,10,29,p0008.jpg,0,0,1
GDL,1900,1902,11,26,p0001.jpg,0,0,1
GDL,1900,1902,11,26,p0002.jpg,1,1,1
GDL,1900,1902,11,26,p0003.jpg,0,0,1
GDL,1900,1902,11,26,p0004.jpg,0,0,1
GDL,1900,1907,05,07,p0001.jpg,0,0,1
GDL,1900,1907,05,07,p0002.jpg,0,0,1
GDL,1900,1907,05,07,p0003.jpg,0,0,1
GDL,1900,1907,05,07,p0004.jpg,0,0,1
GDL,1900,1907,06,08,p0001.jpg,1,1,1
GDL,1900,1907,06,08,p0002.jpg,0,0,1
GDL,1900,1907,06,08,p0003.jpg,1,1,1
GDL,1900,1907,06,08,p0004.jpg,0,0,1
GDL,1900,1907,11,19,p0001.jpg,0,0,1
GDL,1900,1907,11,19,p0002.jpg,0,0,1
GDL,1900,1907,11,19,p0003.jpg,1,1,1
GDL,1900,1907,11,19,p0004.jpg,0,0,1
GDL,1910,1912,07,04,p0001.jpg,0,0,1
GDL,1910,1912,07,04,p0002.jpg,0,0,1
GDL,1910,1912,07,04,p0003.jpg,0,0,1
GDL,1910,1912,07,04,p0004.jpg,0,0,1
GDL,1910,1912,07,04,p0005.jpg,0,0,1
GDL,1910,1912,07,04,p0006.jpg,1,1,1
GDL,1910,1912,11,04,p0001.jpg,0,0,1
GDL,1910,1912,11,04,p0002.jpg,0,0,1
GDL,1910,1912,11,04,p0003.jpg,0,0,1
GDL,1910,1912,11,04,p0004.jpg,0,0,1
GDL,1910,1912,11,12,p0001.jpg,0,0,1
GDL,1910,1912,11,12,p0002.jpg,0,0,1
GDL,1910,1912,11,12,p0003.jpg,0,0,1
GDL,1910,1912,11,12,p0004.jpg,0,0,1
GDL,1910,1912,11,12,p0005.jpg,0,0,1
GDL,1910,1912,11,12,p0006.jpg,0,0,1
GDL,1910,1917,03,19,p0001.jpg,0,0,1
GDL,1910,1917,03,19,p0002.jpg,0,0,1
GDL,1910,1917,03,19,p0003.jpg,1,1,1
GDL,1910,1917,03,19,p0004.jpg,0,0,1
GDL,1910,1917,04,14,p0001.jpg,0,0,1
GDL,1910,1917,04,14,p0002.jpg,0,0,1
GDL,1910,1917,04,14,p0003.jpg,0,0,1
GDL,1910,1917,04,14,p0004.jpg,0,0,1
GDL,1910,1917,04,14,p0005.jpg,1,1,1
GDL,1910,1917,04,14,p0006.jpg,0,0,1
GDL,1910,1917,11,17,p0001.jpg,0,0,1
GDL,1910,1917,11,17,p0002.jpg,0,0,1
GDL,1910,1917,11,17,p0003.jpg,1,1,1
GDL,1910,1917,11,17,p0004.jpg,0,0,1
GDL,1920,1922,02,17,p0001.jpg,0,0,1
GDL,1920,1922,02,17,p0002.jpg,0,0,1
GDL,1920,1922,02,17,p0003.jpg,0,0,1
GDL,1920,1922,02,17,p0004.jpg,0,0,1
GDL,1920,1922,02,17,p0005.jpg,2,1,1
GDL,1920,1922,02,17,p0006.jpg,0,0,1
GDL,1920,1922,08,07,p0001.jpg,0,0,1
GDL,1920,1922,08,07,p0002.jpg,0,0,1
GDL,1920,1922,08,07,p0003.jpg,0,0,1
GDL,1920,1922,08,07,p0004.jpg,0,0,1
GDL,1920,1922,09,17,p0001.jpg,0,0,1
GDL,1920,1922,09,17,p0002.jpg,0,0,1
GDL,1920,1922,09,17,p0003.jpg,1,1,1
GDL,1920,1922,09,17,p0004.jpg,0,0,1
GDL,1920,1927,07,23,p0001.jpg,1,1,1
GDL,1920,1927,07,23,p0002.jpg,0,0,1
GDL,1920,1927,07,23,p0003.jpg,2,1,1
GDL,1920,1927,07,23,p0004.jpg,0,0,1
GDL,1920,1927,09,22,p0001.jpg,1,1,1
GDL,1920,1927,09,22,p0002.jpg,0,0,1
GDL,1920,1927,09,22,p0003.jpg,0,0,1
GDL,1920,1927,09,22,p0004.jpg,0,0,1
GDL,1920,1927,09,22,p0005.jpg,1,1,1
GDL,1920,1927,09,22,p0006.jpg,0,0,1
GDL,1920,1927,11,07,p0001.jpg,0,0,1
GDL,1920,1927,11,07,p0002.jpg,0,0,1
GDL,1920,1927,11,07,p0003.jpg,0,0,1
GDL,1920,1927,11,07,p0004.jpg,0,0,1
GDL,1930,1932,04,09,p0001.jpg,1,1,1
GDL,1930,1932,04,09,p0002.jpg,0,0,1
GDL,1930,1932,04,09,p0003.jpg,2,1,1
GDL,1930,1932,04,09,p0004.jpg,0,0,1
GDL,1930,1932,06,20,p0001.jpg,0,0,1
GDL,1930,1932,06,20,p0002.jpg,0,0,1
GDL,1930,1932,06,20,p0003.jpg,0,0,1
GDL,1930,1932,06,20,p0004.jpg,0,0,1
GDL,1930,1932,06,20,p0005.jpg,1,1,1
GDL,1930,1932,06,20,p0006.jpg,0,0,1
GDL,1930,1932,08,24,p0001.jpg,0,0,1
GDL,1930,1932,08,24,p0002.jpg,0,0,1
GDL,1930,1932,08,24,p0003.jpg,1,1,1
GDL,1930,1932,08,24,p0004.jpg,0,0,1
GDL,1930,1937,01,06,p0001.jpg,0,0,1
GDL,1930,1937,01,06,p0002.jpg,0,0,1
GDL,1930,1937,01,06,p0003.jpg,1,1,1
GDL,1930,1937,01,06,p0004.jpg,0,0,1
GDL,1930,1937,01,15,p0001.jpg,0,0,1
GDL,1930,1937,01,15,p0002.jpg,0,0,1
GDL,1930,1937,01,15,p0003.jpg,2,1,1
GDL,1930,1937,01,15,p0004.jpg,0,0,1
GDL,1930,1937,01,15,p0005.jpg,0,0,1
GDL,1930,1937,01,15,p0006.jpg,0,0,1
GDL,1930,1937,11,28,p0001.jpg,0,0,1
GDL,1930,1937,11,28,p0002.jpg,0,0,1
GDL,1930,1937,11,28,p0003.jpg,0,0,1
GDL,1930,1937,11,28,p0004.jpg,0,0,1
GDL,1940,1942,01,05,p0001.jpg,0,0,1
GDL,1940,1942,01,05,p0002.jpg,0,0,1
GDL,1940,1942,01,05,p0003.jpg,0,0,1
GDL,1940,1942,01,05,p0004.jpg,0,0,1
GDL,1940,1942,01,15,p0001.jpg,3,1,1
GDL,1940,1942,01,15,p0002.jpg,0,0,1
GDL,1940,1942,01,15,p0003.jpg,0,0,1
GDL,1940,1942,01,15,p0004.jpg,0,0,1
GDL,1940,1942,02,28,p0001.jpg,0,0,1
GDL,1940,1942,02,28,p0002.jpg,0,0,1
GDL,1940,1942,02,28,p0003.jpg,0,0,1
GDL,1940,1942,02,28,p0004.jpg,0,0,1
GDL,1940,1947,01,09,p0001.jpg,0,0,1
GDL,1940,1947,01,09,p0002.jpg,0,0,1
GDL,1940,1947,01,09,p0003.jpg,0,0,1
GDL,1940,1947,01,09,p0004.jpg,1,1,1
GDL,1940,1947,01,09,p0005.jpg,0,0,1
GDL,1940,1947,01,09,p0006.jpg,0,0,1
GDL,1940,1947,10,18,p0001.jpg,0,0,1
GDL,1940,1947,10,18,p0002.jpg,0,0,1
GDL,1940,1947,10,18,p0003.jpg,1,1,1
GDL,1940,1947,10,18,p0004.jpg,1,1,1
GDL,1940,1947,10,18,p0005.jpg,1,1,1
GDL,1940,1947,10,18,p0006.jpg,0,0,1
GDL,1940,1947,10,18,p0007.jpg,0,0,1
GDL,1940,1947,10,18,p0008.jpg,0,0,1
GDL,1940,1947,10,18,p0009.jpg,0,0,1
GDL,1940,1947,10,18,p0010.jpg,0,0,1
GDL,1940,1947,10,18,p0011.jpg,1,1,1
GDL,1940,1947,10,18,p0012.jpg,0,0,1
GDL,1940,1947,11,26,p0001.jpg,0,0,1
GDL,1940,1947,11,26,p0002.jpg,0,0,1
GDL,1940,1947,11,26,p0003.jpg,0,0,1
GDL,1940,1947,11,26,p0004.jpg,1,1,1
GDL,1940,1947,11,26,p0005.jpg,0,0,1
GDL,1940,1947,11,26,p0006.jpg,0,0,1
GDL,1940,1947,11,26,p0007.jpg,1,1,1
GDL,1940,1947,11,26,p0008.jpg,0,0,1
GDL,1950,1952,02,23,p0001.jpg,1,1,1
GDL,1950,1952,02,23,p0002.jpg,0,0,1
GDL,1950,1952,02,23,p0003.jpg,0,0,1
GDL,1950,1952,02,23,p0004.jpg,1,1,1
GDL,1950,1952,02,23,p0005.jpg,0,0,1
GDL,1950,1952,02,23,p0006.jpg,0,0,1
GDL,1950,1952,05,13,p0001.jpg,1,1,1
GDL,1950,1952,05,13,p0002.jpg,0,0,1
GDL,1950,1952,05,13,p0003.jpg,1,1,1
GDL,1950,1952,05,13,p0004.jpg,0,0,1
GDL,1950,1952,05,13,p0005.jpg,0,0,1
GDL,1950,1952,05,13,p0006.jpg,0,0,1
GDL,1950,1952,05,26,p0001.jpg,0,0,1
GDL,1950,1952,05,26,p0002.jpg,0,0,1
GDL,1950,1952,05,26,p0003.jpg,0,0,1
GDL,1950,1952,05,26,p0004.jpg,1,1,1
GDL,1950,1952,05,26,p0005.jpg,0,0,1
GDL,1950,1952,05,26,p0006.jpg,0,0,1
GDL,1950,1952,05,26,p0007.jpg,0,0,1
GDL,1950,1952,05,26,p0008.jpg,0,0,1
GDL,1950,1957,03,23,p0001.jpg,0,0,1
GDL,1950,1957,03,23,p0002.jpg,0,0,1
GDL,1950,1957,03,23,p0003.jpg,0,0,1
GDL,1950,1957,03,23,p0004.jpg,0,0,1
GDL,1950,1957,03,23,p0005.jpg,0,0,1
GDL,1950,1957,03,23,p0006.jpg,0,0,1
GDL,1950,1957,03,23,p0007.jpg,0,0,1
GDL,1950,1957,03,23,p0008.jpg,0,0,1
GDL,1950,1957,03,23,p0009.jpg,1,1,1
GDL,1950,1957,03,23,p0010.jpg,0,0,1
GDL,1950,1957,03,23,p0011.jpg,0,0,1
GDL,1950,1957,03,23,p0012.jpg,0,0,1
GDL,1950,1957,03,23,p0013.jpg,0,0,1
GDL,1950,1957,03,23,p0014.jpg,0,0,1
GDL,1950,1957,03,23,p0015.jpg,0,0,1
GDL,1950,1957,03,23,p0016.jpg,0,0,1
GDL,1950,1957,06,24,p0001.jpg,0,0,1
GDL,1950,1957,06,24,p0002.jpg,1,1,1
GDL,1950,1957,06,24,p0003.jpg,0,0,1
GDL,1950,1957,06,24,p0004.jpg,0,0,1
GDL,1950,1957,06,24,p0005.jpg,0,0,1
GDL,1950,1957,06,24,p0006.jpg,0,0,1
GDL,1950,1957,07,10,p0001.jpg,0,0,1
GDL,1950,1957,07,10,p0002.jpg,1,1,1
GDL,1950,1957,07,10,p0003.jpg,0,0,1
GDL,1950,1957,07,10,p0004.jpg,0,0,1
GDL,1950,1957,07,10,p0005.jpg,0,0,1
GDL,1950,1957,07,10,p0006.jpg,0,0,1
GDL,1960,1962,01,09,p0001.jpg,0,0,1
GDL,1960,1962,01,09,p0002.jpg,0,0,1
GDL,1960,1962,01,09,p0003.jpg,0,0,1
GDL,1960,1962,01,09,p0004.jpg,0,0,1
GDL,1960,1962,01,09,p0005.jpg,0,0,1
GDL,1960,1962,01,09,p0006.jpg,0,0,1
GDL,1960,1962,01,09,p0007.jpg,0,0,1
GDL,1960,1962,01,09,p0008.jpg,0,0,1
GDL,1960,1962,06,27,p0001.jpg,0,0,1
GDL,1960,1962,06,27,p0002.jpg,0,0,1
GDL,1960,1962,06,27,p0003.jpg,0,0,1
GDL,1960,1962,06,27,p0004.jpg,0,0,1
GDL,1960,1962,06,27,p0005.jpg,0,0,1
GDL,1960,1962,06,27,p0006.jpg,1,1,1
GDL,1960,1962,06,27,p0007.jpg,0,0,1
GDL,1960,1962,06,27,p0008.jpg,0,0,1
GDL,1960,1962,10,13,p0001.jpg,0,0,1
GDL,1960,1962,10,13,p0002.jpg,0,0,1
GDL,1960,1962,10,13,p0003.jpg,0,0,1
GDL,1960,1962,10,13,p0004.jpg,0,0,1
GDL,1960,1962,10,13,p0005.jpg,3,1,1
GDL,1960,1962,10,13,p0006.jpg,0,0,1
GDL,1960,1962,10,13,p0007.jpg,0,0,1
GDL,1960,1962,10,13,p0008.jpg,0,0,1
GDL,1960,1962,10,13,p0009.jpg,0,0,1
GDL,1960,1962,10,13,p0010.jpg,0,0,1
GDL,1960,1962,10,13,p0011.jpg,0,0,1
GDL,1960,1962,10,13,p0012.jpg,0,0,1
GDL,1960,1962,10,13,p0013.jpg,0,0,1
GDL,1960,1962,10,13,p0014.jpg,1,1,1
GDL,1960,1962,10,13,p0015.jpg,0,0,1
GDL,1960,1962,10,13,p0016.jpg,0,0,1
GDL,1960,1962,10,13,p0017.jpg,4,1,1
GDL,1960,1962,10,13,p0018.jpg,0,0,1
GDL,1960,1962,10,13,p0019.jpg,0,0,1
GDL,1960,1962,10,13,p0020.jpg,0,0,1
GDL,1960,1962,10,13,p0021.jpg,1,1,1
GDL,1960,1962,10,13,p0022.jpg,0,0,1
GDL,1960,1962,10,13,p0023.jpg,0,0,1
GDL,1960,1962,10,13,p0024.jpg,0,0,1
GDL,1960,1967,03,17,p0001.jpg,2,1,1
GDL,1960,1967,03,17,p0002.jpg,1,1,1
GDL,1960,1967,03,17,p0003.jpg,0,0,1
GDL,1960,1967,03,17,p0004.jpg,0,0,1
GDL,1960,1967,03,17,p0005.jpg,0,0,1
GDL,1960,1967,03,17,p0006.jpg,0,0,1
GDL,1960,1967,03,17,p0007.jpg,0,0,1
GDL,1960,1967,03,17,p0008.jpg,0,0,1
GDL,1960,1967,03,17,p0009.jpg,1,1,1
GDL,1960,1967,03,17,p0010.jpg,0,0,1
GDL,1960,1967,03,17,p0011.jpg,0,0,1
GDL,1960,1967,03,17,p0012.jpg,1,1,1
GDL,1960,1967,03,17,p0013.jpg,0,0,1
GDL,1960,1967,03,17,p0014.jpg,0,0,1
GDL,1960,1967,03,17,p0015.jpg,0,0,1
GDL,1960,1967,03,17,p0016.jpg,1,1,1
GDL,1960,1967,06,01,p0001.jpg,0,0,1
GDL,1960,1967,06,01,p0002.jpg,0,0,1
GDL,1960,1967,06,01,p0003.jpg,0,0,1
GDL,1960,1967,06,01,p0004.jpg,0,0,1
GDL,1960,1967,06,01,p0005.jpg,0,0,1
GDL,1960,1967,06,01,p0006.jpg,0,0,1
GDL,1960,1967,06,01,p0007.jpg,1,1,1
GDL,1960,1967,06,01,p0008.jpg,0,0,1
GDL,1960,1967,06,01,p0009.jpg,0,0,1
GDL,1960,1967,06,01,p0010.jpg,0,0,1
GDL,1960,1967,06,01,p0011.jpg,0,0,1
GDL,1960,1967,06,01,p0012.jpg,0,0,1
GDL,1960,1967,06,01,p0013.jpg,0,0,1
GDL,1960,1967,06,01,p0014.jpg,1,1,1
GDL,1960,1967,09,12,p0001.jpg,1,1,1
GDL,1960,1967,09,12,p0002.jpg,1,1,1
GDL,1960,1967,09,12,p0003.jpg,0,0,1
GDL,1960,1967,09,12,p0004.jpg,0,0,1
GDL,1960,1967,09,12,p0005.jpg,0,0,1
GDL,1960,1967,09,12,p0006.jpg,0,0,1
GDL,1960,1967,09,12,p0007.jpg,0,0,1
GDL,1960,1967,09,12,p0008.jpg,0,0,1
GDL,1960,1967,09,12,p0009.jpg,0,0,1
GDL,1960,1967,09,12,p0010.jpg,1,1,1
GDL,1960,1967,09,12,p0011.jpg,0,0,1
GDL,1960,1967,09,12,p0012.jpg,0,0,1
GDL,1960,1967,09,12,p0013.jpg,0,0,1
GDL,1960,1967,09,12,p0014.jpg,1,1,1
GDL,1960,1967,09,12,p0015.jpg,1,1,1
GDL,1960,1967,09,12,p0016.jpg,0,0,1
GDL,1960,1967,09,12,p0017.jpg,1,1,1
GDL,1960,1967,09,12,p0018.jpg,0,0,1
GDL,1960,1967,09,12,p0019.jpg,1,1,1
GDL,1960,1967,09,12,p0020.jpg,0,0,1
GDL,1970,1972,03,08,p0001.jpg,0,0,1
GDL,1970,1972,03,08,p0002.jpg,0,0,1
GDL,1970,1972,03,08,p0003.jpg,0,0,1
GDL,1970,1972,03,08,p0004.jpg,0,0,1
GDL,1970,1972,03,08,p0005.jpg,0,0,1
GDL,1970,1972,03,08,p0006.jpg,1,1,1
GDL,1970,1972,03,08,p0007.jpg,0,0,1
GDL,1970,1972,03,08,p0008.jpg,0,0,1
GDL,1970,1972,03,08,p0009.jpg,0,0,1
GDL,1970,1972,03,08,p0010.jpg,0,0,1
GDL,1970,1972,03,08,p0011.jpg,0,0,1
GDL,1970,1972,03,08,p0012.jpg,1,1,1
GDL,1970,1972,08,28,p0001.jpg,0,0,1
GDL,1970,1972,08,28,p0002.jpg,0,0,1
GDL,1970,1972,08,28,p0003.jpg,0,0,1
GDL,1970,1972,08,28,p0004.jpg,1,1,1
GDL,1970,1972,08,28,p0005.jpg,0,0,1
GDL,1970,1972,08,28,p0006.jpg,0,0,1
GDL,1970,1972,08,28,p0007.jpg,0,0,1
GDL,1970,1972,08,28,p0008.jpg,0,0,1
GDL,1970,1972,08,28,p0009.jpg,0,0,1
GDL,1970,1972,08,28,p0010.jpg,0,0,1
GDL,1970,1972,08,28,p0011.jpg,0,0,1
GDL,1970,1972,08,28,p0012.jpg,0,0,1
GDL,1970,1972,08,28,p0013.jpg,1,1,1
GDL,1970,1972,08,28,p0014.jpg,0,0,1
GDL,1970,1972,08,28,p0015.jpg,0,0,1
GDL,1970,1972,08,28,p0016.jpg,0,0,1
GDL,1970,1972,12,04,p0001.jpg,0,0,1
GDL,1970,1972,12,04,p0002.jpg,0,0,1
GDL,1970,1972,12,04,p0003.jpg,0,0,1
GDL,1970,1972,12,04,p0004.jpg,0,0,1
GDL,1970,1972,12,04,p0005.jpg,0,0,1
GDL,1970,1972,12,04,p0006.jpg,0,0,1
GDL,1970,1972,12,04,p0007.jpg,0,0,1
GDL,1970,1972,12,04,p0008.jpg,1,1,1
GDL,1970,1972,12,04,p0009.jpg,0,0,1
GDL,1970,1972,12,04,p0010.jpg,0,0,1
GDL,1970,1972,12,04,p0011.jpg,0,0,1
GDL,1970,1972,12,04,p0012.jpg,0,0,1
GDL,1970,1977,06,29,p0001.jpg,0,0,1
GDL,1970,1977,06,29,p0002.jpg,1,1,1
GDL,1970,1977,06,29,p0003.jpg,0,0,1
GDL,1970,1977,06,29,p0004.jpg,2,1,1
GDL,1970,1977,06,29,p0005.jpg,1,1,1
GDL,1970,1977,06,29,p0006.jpg,0,0,1
GDL,1970,1977,06,29,p0007.jpg,0,0,1
GDL,1970,1977,06,29,p0008.jpg,0,0,1
GDL,1970,1977,06,29,p0009.jpg,0,0,1
GDL,1970,1977,06,29,p0010.jpg,0,0,1
GDL,1970,1977,06,29,p0011.jpg,0,0,1
GDL,1970,1977,06,29,p0012.jpg,0,0,1
GDL,1970,1977,08,17,p0001.jpg,0,0,1
GDL,1970,1977,08,17,p0002.jpg,0,0,1
GDL,1970,1977,08,17,p0003.jpg,0,0,1
GDL,1970,1977,08,17,p0004.jpg,3,1,1
GDL,1970,1977,08,17,p0005.jpg,0,0,1
GDL,1970,1977,08,17,p0006.jpg,0,0,1
GDL,1970,1977,08,17,p0007.jpg,0,0,1
GDL,1970,1977,08,17,p0008.jpg,0,0,1
GDL,1970,1977,08,17,p0009.jpg,0,0,1
GDL,1970,1977,08,17,p0010.jpg,0,0,1
GDL,1970,1977,08,17,p0011.jpg,0,0,1
GDL,1970,1977,08,17,p0012.jpg,0,0,1
GDL,1970,1977,08,18,p0001.jpg,0,0,1
GDL,1970,1977,08,18,p0002.jpg,0,0,1
GDL,1970,1977,08,18,p0003.jpg,0,0,1
GDL,1970,1977,08,18,p0004.jpg,0,0,1
GDL,1970,1977,08,18,p0005.jpg,0,0,1
GDL,1970,1977,08,18,p0006.jpg,1,1,1
GDL,1970,1977,08,18,p0007.jpg,0,0,1
GDL,1970,1977,08,18,p0008.jpg,0,0,1
GDL,1970,1977,08,18,p0009.jpg,0,0,1
GDL,1970,1977,08,18,p0010.jpg,0,0,1
GDL,1970,1977,08,18,p0011.jpg,0,0,1
GDL,1970,1977,08,18,p0012.jpg,0,0,1
GDL,1970,1977,08,18,p0013.jpg,0,0,1
GDL,1970,1977,08,18,p0014.jpg,1,1,1
GDL,1980,1982,01,30,p0001.jpg,1,1,1
GDL,1980,1982,01,30,p0002.jpg,0,0,1
GDL,1980,1982,01,30,p0003.jpg,1,1,1
GDL,1980,1982,01,30,p0004.jpg,0,0,1
GDL,1980,1982,01,30,p0005.jpg,1,1,1
GDL,1980,1982,01,30,p0006.jpg,0,0,1
GDL,1980,1982,01,30,p0007.jpg,0,0,1
GDL,1980,1982,01,30,p0008.jpg,0,0,1
GDL,1980,1982,01,30,p0009.jpg,0,0,1
GDL,1980,1982,01,30,p0010.jpg,1,1,1
GDL,1980,1982,01,30,p0011.jpg,1,1,1
GDL,1980,1982,01,30,p0012.jpg,0,0,1
GDL,1980,1982,01,30,p0013.jpg,0,0,1
GDL,1980,1982,01,30,p0014.jpg,1,1,1
GDL,1980,1982,01,30,p0015.jpg,1,1,1
GDL,1980,1982,01,30,p0016.jpg,1,1,1
GDL,1980,1982,01,30,p0017.jpg,1,1,1
GDL,1980,1982,01,30,p0018.jpg,1,1,1
GDL,1980,1982,01,30,p0019.jpg,0,0,1
GDL,1980,1982,01,30,p0020.jpg,0,0,1
GDL,1980,1982,01,30,p0021.jpg,0,0,1
GDL,1980,1982,01,30,p0022.jpg,2,1,1
GDL,1980,1982,01,30,p0023.jpg,0,0,1
GDL,1980,1982,01,30,p0024.jpg,0,0,1
GDL,1980,1982,06,21,p0001.jpg,0,0,1
GDL,1980,1982,06,21,p0002.jpg,0,0,1
GDL,1980,1982,06,21,p0003.jpg,1,1,1
GDL,1980,1982,06,21,p0004.jpg,0,0,1
GDL,1980,1982,06,21,p0005.jpg,0,0,1
GDL,1980,1982,06,21,p0006.jpg,1,1,1
GDL,1980,1982,06,21,p0007.jpg,0,0,1
GDL,1980,1982,06,21,p0008.jpg,0,0,1
GDL,1980,1982,06,21,p0009.jpg,0,0,1
GDL,1980,1982,06,21,p0010.jpg,0,0,1
GDL,1980,1982,06,21,p0011.jpg,0,0,1
GDL,1980,1982,06,21,p0012.jpg,1,1,1
GDL,1980,1982,06,21,p0013.jpg,0,0,1
GDL,1980,1982,06,21,p0014.jpg,0,0,1
GDL,1980,1982,06,21,p0015.jpg,0,0,1
GDL,1980,1982,06,21,p0016.jpg,2,1,1
GDL,1980,1982,06,21,p0017.jpg,1,1,1
GDL,1980,1982,06,21,p0018.jpg,1,1,1
GDL,1980,1982,06,21,p0019.jpg,0,0,1
GDL,1980,1982,06,21,p0020.jpg,0,0,1
GDL,1980,1982,07,30,p0001.jpg,0,0,1
GDL,1980,1982,07,30,p0002.jpg,0,0,1
GDL,1980,1982,07,30,p0003.jpg,1,1,1
GDL,1980,1982,07,30,p0004.jpg,1,1,1
GDL,1980,1982,07,30,p0005.jpg,0,0,1
GDL,1980,1982,07,30,p0006.jpg,0,0,1
GDL,1980,1982,07,30,p0007.jpg,0,0,1
GDL,1980,1982,07,30,p0008.jpg,0,0,1
GDL,1980,1982,07,30,p0009.jpg,0,0,1
GDL,1980,1982,07,30,p0010.jpg,0,0,1
GDL,1980,1982,07,30,p0011.jpg,0,0,1
GDL,1980,1982,07,30,p0012.jpg,0,0,1
GDL,1980,1982,07,30,p0013.jpg,0,0,1
GDL,1980,1982,07,30,p0014.jpg,0,0,1
GDL,1980,1982,07,30,p0015.jpg,0,0,1
GDL,1980,1982,07,30,p0016.jpg,2,1,1
GDL,1980,1987,03,24,p0001.jpg,1,1,1
GDL,1980,1987,03,24,p0002.jpg,0,0,1
GDL,1980,1987,03,24,p0003.jpg,0,0,1
GDL,1980,1987,03,24,p0004.jpg,0,0,1
GDL,1980,1987,03,24,p0005.jpg,0,0,1
GDL,1980,1987,03,24,p0006.jpg,0,0,1
GDL,1980,1987,03,24,p0007.jpg,0,0,1
GDL,1980,1987,03,24,p0008.jpg,0,0,1
GDL,1980,1987,03,24,p0009.jpg,0,0,1
GDL,1980,1987,03,24,p0010.jpg,0,0,1
GDL,1980,1987,03,24,p0011.jpg,0,0,1
GDL,1980,1987,03,24,p0012.jpg,0,0,1
GDL,1980,1987,03,24,p0013.jpg,0,0,1
GDL,1980,1987,03,24,p0014.jpg,0,0,1
GDL,1980,1987,03,24,p0015.jpg,0,0,1
GDL,1980,1987,03,24,p0016.jpg,0,0,1
GDL,1980,1987,03,24,p0017.jpg,1,1,1
GDL,1980,1987,03,24,p0018.jpg,1,1,1
GDL,1980,1987,03,24,p0019.jpg,1,1,1
GDL,1980,1987,03,24,p0020.jpg,0,0,1
GDL,1980,1987,03,24,p0021.jpg,0,0,1
GDL,1980,1987,03,24,p0022.jpg,0,0,1
GDL,1980,1987,03,24,p0023.jpg,1,1,1
GDL,1980,1987,03,24,p0024.jpg,0,0,1
GDL,1980,1987,03,24,p0025.jpg,0,0,1
GDL,1980,1987,03,24,p0026.jpg,0,0,1
GDL,1980,1987,03,24,p0027.jpg,3,1,1
GDL,1980,1987,03,24,p0028.jpg,1,1,1
GDL,1980,1987,08,21,p0001.jpg,1,1,1
GDL,1980,1987,08,21,p0002.jpg,2,1,1
GDL,1980,1987,08,21,p0003.jpg,0,0,1
GDL,1980,1987,08,21,p0004.jpg,0,0,1
GDL,1980,1987,08,21,p0005.jpg,0,0,1
GDL,1980,1987,08,21,p0006.jpg,0,0,1
GDL,1980,1987,08,21,p0007.jpg,0,0,1
GDL,1980,1987,08,21,p0008.jpg,0,0,1
GDL,1980,1987,08,21,p0009.jpg,0,0,1
GDL,1980,1987,08,21,p0010.jpg,2,1,1
GDL,1980,1987,08,21,p0011.jpg,1,1,1
GDL,1980,1987,08,21,p0012.jpg,1,1,1
GDL,1980,1987,08,21,p0013.jpg,0,0,1
GDL,1980,1987,08,21,p0014.jpg,0,0,1
GDL,1980,1987,08,21,p0015.jpg,4,1,1
GDL,1980,1987,08,21,p0016.jpg,4,1,1
GDL,1980,1987,08,21,p0017.jpg,0,0,1
GDL,1980,1987,08,21,p0018.jpg,0,0,1
GDL,1980,1987,08,21,p0019.jpg,0,0,1
GDL,1980,1987,08,21,p0020.jpg,0,0,1
GDL,1980,1987,08,21,p0021.jpg,0,0,1
GDL,1980,1987,08,21,p0022.jpg,0,0,1
GDL,1980,1987,08,21,p0023.jpg,1,1,1
GDL,1980,1987,08,21,p0024.jpg,3,1,1
GDL,1980,1987,08,26,p0001.jpg,0,0,1
GDL,1980,1987,08,26,p0002.jpg,0,0,1
GDL,1980,1987,08,26,p0003.jpg,1,1,1
GDL,1980,1987,08,26,p0004.jpg,0,0,1
GDL,1980,1987,08,26,p0005.jpg,0,0,1
GDL,1980,1987,08,26,p0006.jpg,0,0,1
GDL,1980,1987,08,26,p0007.jpg,0,0,1
GDL,1980,1987,08,26,p0008.jpg,0,0,1
GDL,1980,1987,08,26,p0009.jpg,0,0,1
GDL,1980,1987,08,26,p0010.jpg,0,0,1
GDL,1980,1987,08,26,p0011.jpg,1,1,1
GDL,1980,1987,08,26,p0012.jpg,1,1,1
GDL,1980,1987,08,26,p0013.jpg,1,1,1
GDL,1980,1987,08,26,p0014.jpg,0,0,1
GDL,1980,1987,08,26,p0015.jpg,1,1,1
GDL,1980,1987,08,26,p0016.jpg,0,0,1
GDL,1980,1987,08,26,p0017.jpg,0,0,1
GDL,1980,1987,08,26,p0018.jpg,1,1,1
GDL,1980,1987,08,26,p0019.jpg,0,0,1
GDL,1980,1987,08,26,p0020.jpg,0,0,1
GDL,1980,1987,08,26,p0021.jpg,1,1,1
GDL,1980,1987,08,26,p0022.jpg,0,0,1
GDL,1980,1987,08,26,p0023.jpg,2,1,1
GDL,1980,1987,08,26,p0024.jpg,0,0,1
GDL,1990,1992,05,06,p0001.jpg,0,0,1
GDL,1990,1992,05,06,p0002.jpg,2,1,1
GDL,1990,1992,05,06,p0003.jpg,1,1,1
GDL,1990,1992,05,06,p0004.jpg,0,0,1
GDL,1990,1992,05,06,p0005.jpg,0,0,1
GDL,1990,1992,05,06,p0006.jpg,0,0,1
GDL,1990,1992,05,06,p0007.jpg,0,0,1
GDL,1990,1992,05,06,p0008.jpg,0,0,1
GDL,1990,1992,05,06,p0009.jpg,1,1,1
GDL,1990,1992,05,06,p0010.jpg,0,0,1
GDL,1990,1992,05,06,p0011.jpg,0,0,1
GDL,1990,1992,05,06,p0012.jpg,0,0,1
GDL,1990,1992,05,06,p0013.jpg,0,0,1
GDL,1990,1992,05,06,p0014.jpg,0,0,1
GDL,1990,1992,05,06,p0015.jpg,0,0,1
GDL,1990,1992,05,06,p0016.jpg,2,1,1
GDL,1990,1992,05,06,p0017.jpg,0,0,1
GDL,1990,1992,05,06,p0018.jpg,0,0,1
GDL,1990,1992,05,06,p0019.jpg,2,1,1
GDL,1990,1992,05,06,p0020.jpg,1,1,1
GDL,1990,1992,05,06,p0021.jpg,0,0,1
GDL,1990,1992,05,06,p0022.jpg,1,1,1
GDL,1990,1992,05,06,p0023.jpg,0,0,1
GDL,1990,1992,05,06,p0024.jpg,0,0,1
GDL,1990,1992,05,06,p0025.jpg,0,0,1
GDL,1990,1992,05,06,p0026.jpg,1,1,1
GDL,1990,1992,05,06,p0027.jpg,0,0,1
GDL,1990,1992,05,06,p0028.jpg,0,0,1
GDL,1990,1992,05,06,p0029.jpg,5,1,1
GDL,1990,1992,05,06,p0030.jpg,0,0,1
GDL,1990,1992,05,06,p0031.jpg,0,0,1
GDL,1990,1992,05,06,p0032.jpg,1,1,1
GDL,1990,1992,05,06,p0033.jpg,0,0,1
GDL,1990,1992,05,06,p0034.jpg,0,0,1
GDL,1990,1992,05,06,p0035.jpg,0,0,1
GDL,1990,1992,05,06,p0036.jpg,0,0,1
GDL,1990,1992,05,06,p0037.jpg,0,0,1
GDL,1990,1992,05,06,p0038.jpg,1,1,1
GDL,1990,1992,05,06,p0039.jpg,1,1,1
GDL,1990,1992,05,06,p0040.jpg,0,0,1
GDL,1990,1992,07,29,p0001.jpg,0,0,1
GDL,1990,1992,07,29,p0002.jpg,1,1,1
GDL,1990,1992,07,29,p0003.jpg,0,0,1
GDL,1990,1992,07,29,p0004.jpg,0,0,1
GDL,1990,1992,07,29,p0005.jpg,2,1,1
GDL,1990,1992,07,29,p0006.jpg,0,0,1
GDL,1990,1992,07,29,p0007.jpg,0,0,1
GDL,1990,1992,07,29,p0008.jpg,0,0,1
GDL,1990,1992,07,29,p0009.jpg,0,0,1
GDL,1990,1992,07,29,p0010.jpg,0,0,1
GDL,1990,1992,07,29,p0011.jpg,0,0,1
GDL,1990,1992,07,29,p0012.jpg,2,1,1
GDL,1990,1992,07,29,p0013.jpg,4,1,1
GDL,1990,1992,07,29,p0014.jpg,1,1,1
GDL,1990,1992,07,29,p0015.jpg,0,0,1
GDL,1990,1992,07,29,p0016.jpg,0,0,1
GDL,1990,1992,07,29,p0017.jpg,0,0,1
GDL,1990,1992,07,29,p0018.jpg,0,0,1
GDL,1990,1992,07,29,p0019.jpg,1,1,1
GDL,1990,1992,07,29,p0020.jpg,1,1,1
GDL,1990,1992,07,29,p0021.jpg,0,0,1
GDL,1990,1992,07,29,p0022.jpg,0,0,1
GDL,1990,1992,07,29,p0023.jpg,1,1,1
GDL,1990,1992,07,29,p0024.jpg,0,0,1
GDL,1990,1992,07,29,p0025.jpg,0,0,1
GDL,1990,1992,07,29,p0026.jpg,0,0,1
GDL,1990,1992,07,29,p0027.jpg,1,1,1
GDL,1990,1992,07,29,p0028.jpg,1,1,1
GDL,1990,1992,09,28,p0001.jpg,2,1,1
GDL,1990,1992,09,28,p0002.jpg,1,1,1
GDL,1990,1992,09,28,p0003.jpg,2,1,1
GDL,1990,1992,09,28,p0004.jpg,0,0,1
GDL,1990,1992,09,28,p0005.jpg,0,0,1
GDL,1990,1992,09,28,p0006.jpg,0,0,1
GDL,1990,1992,09,28,p0007.jpg,1,1,1
GDL,1990,1992,09,28,p0008.jpg,0,0,1
GDL,1990,1992,09,28,p0009.jpg,0,0,1
GDL,1990,1992,09,28,p0010.jpg,0,0,1
GDL,1990,1992,09,28,p0011.jpg,7,1,1
GDL,1990,1992,09,28,p0012.jpg,1,1,1
GDL,1990,1992,09,28,p0013.jpg,0,0,1
GDL,1990,1992,09,28,p0014.jpg,0,0,1
GDL,1990,1992,09,28,p0015.jpg,1,1,1
GDL,1990,1992,09,28,p0016.jpg,0,0,1
GDL,1990,1992,09,28,p0017.jpg,2,1,1
GDL,1990,1992,09,28,p0018.jpg,2,1,1
GDL,1990,1992,09,28,p0019.jpg,0,0,1
GDL,1990,1992,09,28,p0020.jpg,2,1,1
GDL,1990,1992,09,28,p0021.jpg,0,0,1
GDL,1990,1992,09,28,p0022.jpg,3,1,1
GDL,1990,1992,09,28,p0023.jpg,0,0,1
GDL,1990,1992,09,28,p0024.jpg,0,0,1
GDL,1990,1992,09,28,p0025.jpg,0,0,1
GDL,1990,1992,09,28,p0026.jpg,0,0,1
GDL,1990,1992,09,28,p0027.jpg,1,1,1
GDL,1990,1992,09,28,p0028.jpg,1,1,1
GDL,1990,1997,02,15,p0001.jpg,2,1,1
GDL,1990,1997,02,15,p0002.jpg,0,0,1
GDL,1990,1997,02,15,p0003.jpg,2,1,1
GDL,1990,1997,02,15,p0004.jpg,0,0,1
GDL,1990,1997,02,15,p0005.jpg,0,0,1
GDL,1990,1997,02,15,p0006.jpg,0,0,1
GDL,1990,1997,02,15,p0007.jpg,1,1,1
GDL,1990,1997,02,15,p0008.jpg,1,1,1
GDL,1990,1997,02,15,p0009.jpg,1,1,1
GDL,1990,1997,02,15,p0010.jpg,0,0,1
GDL,1990,1997,02,15,p0011.jpg,0,0,1
GDL,1990,1997,02,15,p0012.jpg,1,1,1
GDL,1990,1997,02,15,p0013.jpg,0,0,1
GDL,1990,1997,02,15,p0014.jpg,0,0,1
GDL,1990,1997,02,15,p0015.jpg,0,0,1
GDL,1990,1997,02,15,p0016.jpg,0,0,1
GDL,1990,1997,02,15,p0017.jpg,0,0,1
GDL,1990,1997,02,15,p0018.jpg,1,1,1
GDL,1990,1997,02,15,p0019.jpg,0,0,1
GDL,1990,1997,02,15,p0020.jpg,0,0,1
GDL,1990,1997,02,15,p0021.jpg,1,1,1
GDL,1990,1997,02,15,p0022.jpg,0,0,1
GDL,1990,1997,02,15,p0023.jpg,0,0,1
GDL,1990,1997,02,15,p0024.jpg,1,1,1
GDL,1990,1997,02,15,p0025.jpg,0,0,1
GDL,1990,1997,02,15,p0026.jpg,0,0,1
GDL,1990,1997,02,15,p0027.jpg,0,0,1
GDL,1990,1997,02,15,p0028.jpg,0,0,1
GDL,1990,1997,02,15,p0029.jpg,3,1,1
GDL,1990,1997,02,15,p0030.jpg,1,1,1
GDL,1990,1997,02,15,p0031.jpg,0,0,1
GDL,1990,1997,02,15,p0032.jpg,1,1,1
GDL,1990,1997,02,15,p0033.jpg,1,1,1
GDL,1990,1997,02,15,p0034.jpg,2,1,1
GDL,1990,1997,02,15,p0035.jpg,1,1,1
GDL,1990,1997,02,15,p0036.jpg,2,1,1
GDL,1990,1997,02,15,p0037.jpg,0,0,1
GDL,1990,1997,02,15,p0038.jpg,0,0,1
GDL,1990,1997,02,15,p0039.jpg,0,0,1
GDL,1990,1997,02,15,p0040.jpg,1,1,1
GDL,1990,1997,07,05,p0001.jpg,0,0,1
GDL,1990,1997,07,05,p0002.jpg,0,0,1
GDL,1990,1997,07,05,p0003.jpg,0,0,1
GDL,1990,1997,07,05,p0004.jpg,0,0,1
GDL,1990,1997,07,05,p0005.jpg,0,0,1
GDL,1990,1997,07,05,p0006.jpg,0,0,1
GDL,1990,1997,07,05,p0007.jpg,0,0,1
GDL,1990,1997,07,05,p0008.jpg,0,0,1
GDL,1990,1997,07,05,p0009.jpg,0,0,1
GDL,1990,1997,07,05,p0010.jpg,2,1,1
GDL,1990,1997,07,05,p0011.jpg,0,0,1
GDL,1990,1997,07,05,p0012.jpg,0,0,1
GDL,1990,1997,07,05,p0013.jpg,0,0,1
GDL,1990,1997,07,05,p0014.jpg,0,0,1
GDL,1990,1997,07,05,p0015.jpg,0,0,1
GDL,1990,1997,07,05,p0016.jpg,0,0,1
GDL,1990,1997,07,05,p0017.jpg,0,0,1
GDL,1990,1997,07,05,p0018.jpg,0,0,1
GDL,1990,1997,07,05,p0019.jpg,0,0,1
GDL,1990,1997,07,05,p0020.jpg,0,0,1
GDL,1990,1997,07,05,p0021.jpg,1,1,1
GDL,1990,1997,07,05,p0022.jpg,1,1,1
GDL,1990,1997,07,05,p0023.jpg,0,0,1
GDL,1990,1997,07,05,p0024.jpg,2,1,1
GDL,1990,1997,07,05,p0025.jpg,0,0,1
GDL,1990,1997,07,05,p0026.jpg,0,0,1
GDL,1990,1997,07,05,p0027.jpg,0,0,1
GDL,1990,1997,07,05,p0028.jpg,0,0,1
GDL,1990,1997,07,05,p0029.jpg,0,0,1
GDL,1990,1997,07,05,p0030.jpg,0,0,1
GDL,1990,1997,07,05,p0031.jpg,1,1,1
GDL,1990,1997,07,05,p0032.jpg,0,0,1
GDL,1990,1997,07,05,p0033.jpg,0,0,1
GDL,1990,1997,07,05,p0034.jpg,1,1,1
GDL,1990,1997,07,05,p0035.jpg,3,1,1
GDL,1990,1997,07,05,p0036.jpg,0,0,1
GDL,1990,1997,07,05,p0037.jpg,1,1,1
GDL,1990,1997,07,05,p0038.jpg,1,1,1
GDL,1990,1997,07,05,p0039.jpg,1,1,1
GDL,1990,1997,07,05,p0040.jpg,1,1,1
GDL,1990,1997,08,09,p0001.jpg,0,0,1
GDL,1990,1997,08,09,p0002.jpg,1,1,1
GDL,1990,1997,08,09,p0003.jpg,0,0,1
GDL,1990,1997,08,09,p0004.jpg,0,0,1
GDL,1990,1997,08,09,p0005.jpg,1,1,1
GDL,1990,1997,08,09,p0006.jpg,0,0,1
GDL,1990,1997,08,09,p0007.jpg,1,1,1
GDL,1990,1997,08,09,p0008.jpg,4,1,1
GDL,1990,1997,08,09,p0009.jpg,0,0,1
GDL,1990,1997,08,09,p0010.jpg,0,0,1
GDL,1990,1997,08,09,p0011.jpg,0,0,1
GDL,1990,1997,08,09,p0012.jpg,1,1,1
GDL,1990,1997,08,09,p0013.jpg,0,0,1
GDL,1990,1997,08,09,p0014.jpg,0,0,1
GDL,1990,1997,08,09,p0015.jpg,0,0,1
GDL,1990,1997,08,09,p0016.jpg,0,0,1
GDL,1990,1997,08,09,p0017.jpg,0,0,1
GDL,1990,1997,08,09,p0018.jpg,1,1,1
GDL,1990,1997,08,09,p0019.jpg,1,1,1
GDL,1990,1997,08,09,p0020.jpg,1,1,1
GDL,1990,1997,08,09,p0021.jpg,4,1,1
GDL,1990,1997,08,09,p0022.jpg,1,1,1
GDL,1990,1997,08,09,p0023.jpg,0,0,1
GDL,1990,1997,08,09,p0024.jpg,0,0,1
GDL,1990,1997,08,09,p0025.jpg,0,0,1
GDL,1990,1997,08,09,p0026.jpg,0,0,1
GDL,1990,1997,08,09,p0027.jpg,0,0,1
GDL,1990,1997,08,09,p0028.jpg,0,0,1
GDL,1990,1997,08,09,p0029.jpg,0,0,1
GDL,1990,1997,08,09,p0030.jpg,0,0,1
GDL,1990,1997,08,09,p0031.jpg,1,1,1
GDL,1990,1997,08,09,p0032.jpg,0,0,1
